,INDEX No.,CATEGORY,DEPTH 1,DEPTH 2,DEPTH 3,PRE-CONDITION,STEP,EXPECT RESULT,MAC,WINDOW,ISSUE,COMMENT
,1,1. 원가 사용 옵션 ON/OFF,쇼핑 > 환경설정,원가 사용 옵션,-,,Free 사이트에서 옵션 확인,"""상품 및 옵션의 원가 사용하기"" 옵션 노출",PASS,PASS,,
,2,1. 원가 사용 옵션 ON/OFF,쇼핑 > 환경설정,원가 사용 옵션,-,,Starter 사이트에서 옵션 확인,"""상품 및 옵션의 원가 사용하기"" 옵션 노출",PASS,PASS,,
,3,1. 원가 사용 옵션 ON/OFF,쇼핑 > 환경설정,원가 사용 옵션,-,,Pro 사이트에서 옵션 확인,"""상품 및 옵션의 원가 사용하기"" 옵션 노출",PASS,PASS,,
,4,1. 원가 사용 옵션 ON/OFF,쇼핑 > 환경설정,원가 사용 옵션,-,,"Global 사이트에서 옵션 확인
- 모든 유닛에서 접근","""상품 및 옵션의 원가 사용하기"" 옵션 노출",PASS,PASS,,
,5,1. 원가 사용 옵션 ON/OFF,쇼핑 > 환경설정,원가 사용 옵션,-,,옵션 디폴트 상태 확인,unchecked(OFF) 상태,PASS,PASS,,
,6,1. 원가 사용 옵션 ON/OFF,쇼핑 > 환경설정,원가 사용 옵션,-,,[?] 아이콘 호버,"툴팁 노출
--------------------------------------------
상품과 옵션별 공급가를 입력하고 사용할 수 있습니다. 이 옵션을 체크하면 상품 등록 및 편집 화면의 가격 영역에 공급가 입력 필드가 노출됩니다.",PASS,PASS,,
,7,1. 원가 사용 옵션 ON/OFF,쇼핑 > 환경설정,원가 사용 옵션,-,,클릭,checked/unchecked 전환,PASS,PASS,,
,8,1. 원가 사용 옵션 ON/OFF,쇼핑 > 환경설정,원가 사용 옵션,-,,checked 상태로 저장,원가 기능 사용 ON으로 저장됨,PASS,PASS,,
,9,1. 원가 사용 옵션 ON/OFF,쇼핑 > 환경설정,원가 사용 옵션,-,,unchecked 상태로 저장,원가 기능 사용 OFF로 저장됨,PASS,PASS,,
,10,1. 원가 사용 옵션 ON/OFF,쇼핑 > 환경설정,원가 사용 옵션,-,,원가 입력된 상품이 있을 때 unchecked 상태로 저장,"원가 기능 사용 OFF로 저장되어, 해당 상품의 원가는 미노출됨
- 다시 ON하면 이전 원가 다시 노출",PASS,PASS,,
,11,2. 원가 입력 - 상품 등록,쇼핑 > 상품,상품 상세(등록),가격 영역,,원가 OFF일 때 확인,"""원가"" 필드 미노출",PASS,PASS,,
,12,2. 원가 입력 - 상품 등록,쇼핑 > 상품,상품 상세(등록),가격 영역,,원가 ON일 때 확인,"""원가"" 필드 노출",PASS,PASS,,
,13,2. 원가 입력 - 상품 등록,쇼핑 > 상품,상품 상세(등록),"가격-원가 필드
(원가 ON)",,[?] 아이콘 호버,"툴팁 노출
--------------------------------------------
문구 정의 요청",PASS,PASS,IMIO-4354,"툴팁 문구 정의 요청-상품/필수옵션/선택옵션
===> 미노출(제거)"
,14,2. 원가 입력 - 상품 등록,쇼핑 > 상품,상품 상세(등록),"가격-원가 필드
(원가 ON)",,원화일 때 데이터 입력,"숫자만 입력됨
(특수문자 미입력, 문자는 입력되어도 사라지거나 저장되지 않는 형태)",PASS,PASS,IMIO-4356,원화인데 소수점 입력됨
,15,2. 원가 입력 - 상품 등록,쇼핑 > 상품,상품 상세(등록),"가격-원가 필드
(원가 ON)",,원화아닌 통화일 때 데이터 입력,통화별 소수점 정책에 따라 입력됨,PASS,PASS,,IMIO-4356 해결 후 확인
,16,2. 원가 입력 - 상품 등록,쇼핑 > 상품,상품 상세(등록),"가격-원가 필드
(원가 ON)",,상품에 즉시/기간 할인 적용일 때 확인,"""정가"" 필드 미노출, ""원가"" 필드는 노출",PASS,PASS,IMIO-4355,저장 후 확인 시 원가 미노출
,17,2. 원가 입력 - 상품 등록,쇼핑 > 상품,상품 상세(등록),"옵션 영역
(원가 OFF)",,옵션 리스트 확인,"""원가"" 필드 미노출",PASS,PASS,,
,18,2. 원가 입력 - 상품 등록,쇼핑 > 상품,상품 상세(등록),옵션 영역(원가 ON),,조합형-기본 옵션 추가 후 옵션 리스트 확인,"""원가"" 필드 노출",PASS,PASS,,
,19,2. 원가 입력 - 상품 등록,쇼핑 > 상품,상품 상세(등록),옵션 영역(원가 ON),,조합형-색상 옵션 추가 후 옵션 리스트 확인,"""원가"" 필드 노출",PASS,PASS,,
,20,2. 원가 입력 - 상품 등록,쇼핑 > 상품,상품 상세(등록),옵션 영역(원가 ON),,비조합형-기본 옵션 추가 후 옵션 리스트 확인,"""원가"" 필드 노출",PASS,PASS,,
,21,2. 원가 입력 - 상품 등록,쇼핑 > 상품,상품 상세(등록),옵션 영역(원가 ON),,비조합형-색상 옵션 추가 후 옵션 리스트 확인,"""원가"" 필드 노출",PASS,PASS,,
,22,2. 원가 입력 - 상품 등록,쇼핑 > 상품,상품 상세(등록),옵션 영역(원가 ON),,선택-기본 옵션 추가 후 옵션 리스트 확인,"""원가"" 필드 노출",PASS,PASS,IMIO-4364,
,23,2. 원가 입력 - 상품 등록,쇼핑 > 상품,상품 상세(등록),옵션 영역(원가 ON),,선택-색상 옵션 추가 후 옵션 리스트 확인,"""원가"" 필드 노출",PASS,PASS,IMIO-4364,
,24,2. 원가 입력 - 상품 등록,쇼핑 > 상품,상품 상세(등록),옵션 영역(원가 ON),,입력형 옵션 추가 후 확인,"""원가"" 필드 미노출",PASS,PASS,,
,25,2. 원가 입력 - 상품 등록,쇼핑 > 상품,상품 상세(등록),옵션 영역(원가 ON),,"""상대적인 가격으로 옵션 표시 및 관리"" ON일 떄 옵션 원가 필드 확인","+/- 없이 절대값으로 입력받음
초기값: 0원",PASS,PASS,,
,26,2. 원가 입력 - 상품 등록,쇼핑 > 상품,상품 상세(등록),옵션 영역(원가 ON),,"""상대적인 가격으로 옵션 표시 및 관리"" OFF일 떄 옵션 원가 필드 확인",초기값: 본품 원가를 따름,PASS,PASS,,
,27,2. 원가 입력 - 상품 등록,쇼핑 > 상품,상품 상세(등록),저장,,상품 원가 입력 후 저장,입력된 값으로 정상 저장 완료,PASS,PASS,,
,28,2. 원가 입력 - 상품 등록,쇼핑 > 상품,상품 상세(등록),저장,,상품 원가 미입력 후 저장,원가 0으로 저장 완료,PASS,PASS,,
,29,2. 원가 입력 - 상품 등록,쇼핑 > 상품,상품 상세(등록),저장,,옵션 원가 입력 후 저장,입력된 값으로 정상 저장 완료,PASS,PASS,,
,30,2. 원가 입력 - 상품 등록,쇼핑 > 상품,상품 상세(등록),저장,,옵션 원가 일부만 입력 후 저장,"미입력된 옵션은 0으로, 입력된 옵션은 해당 값으로 정상 저장 완료",PASS,PASS,,
,31,2. 원가 입력 - 상품 등록,쇼핑 > 상품,상품 상세(등록),저장,,옵션 원가 전부 미입력 후 저장,원가 0으로 저장 완료,PASS,PASS,,
,32,2. 원가 입력 - 상품 등록,쇼핑 > 상품,상품 목록,엑셀 일괄 작업,,"엑셀 업로드하여 일괄 작업
- 상품 추가",원가 0으로 추가 완료,PASS,PASS,,
,33,3. 상품 편집,쇼핑 > 상품,상품 상세(편집),원가 외 정보,,수정 후 저장,수정된 내용으로 저장 완료,PASS,PASS,,
,34,3. 상품 편집,쇼핑 > 상품,상품 상세(편집),원가,,"원가 OFF일 때 등록한 상품 확인
- 수정한 상품은 이전 값 유지","원가 필드에 ""0"" 입력되어 있음",PASS,PASS,,
,35,3. 상품 편집,쇼핑 > 상품,상품 상세(편집),원가,,수정 후 저장,등록 시와 동일한 조건으로 저장 완료,PASS,PASS,,
,36,3. 상품 편집,쇼핑 > 상품,상품 목록,-,,"원가가 입력된 상품 복제 후 확인
- 더보기 > 복제
- 선택 후 상단 복제 버튼",원가도 정상 복제됨,PASS,PASS,,
,37,3. 상품 편집,쇼핑 > 상품,상품 목록,-,,원가 입력 상품과 원가 미입력 상품 함께 선택 후 복제,정상 복제됨,PASS,PASS,,
,38,3. 상품 편집,쇼핑 > 상품,상품 목록,-,,"내보내기 확인
- 옵션 별",원가 컬럼없이 기존과 동일,PASS,PASS,,
,39,3. 상품 편집,쇼핑 > 상품,상품 목록,엑셀 일괄 작업,,"엑셀 업로드하여 일괄 작업
- 상품 수정","원가 0으로 수정 완료
기 입력된 원가 값 유지",PASS,PASS,,
,40,3. 상품 편집,환경설정,언어/지역/통화,통화 단위,,통화 변경 후 저장,"입력한 원가가 환율 계산되어 반영
- 상품 원가
- 옵션 원가",PASS,PASS,IMIO-4359,환율 계산이 반영되지 않음
,41,4. 원가 미노출 확인,FO,상품 기획전,원가 입력된 상품,,상품 정보 확인,원가 미노출,PASS,PASS,,
,42,4. 원가 미노출 확인,FO,상품 목록,원가 입력된 상품,,상품 정보 확인,원가 미노출,PASS,PASS,,
,43,4. 원가 미노출 확인,FO,상품 상세,원가 입력된 상품,,"상품 정보 확인
- 디자인A/B
- 상품가, 옵션가",원가 미노출,PASS,PASS,,
,44,4. 원가 미노출 확인,FO,상품 상세,원가 미입력된 상품,,상품 정보 확인,원가 미노출,PASS,PASS,,
,45,4. 원가 미노출 확인,FO,장바구니,원가 입력된 상품,,상품 정보 확인,원가 미노출,PASS,PASS,,
,46,4. 원가 미노출 확인,FO,주문서,원가 입력된 상품,,상품 정보 확인,원가 미노출,PASS,PASS,,
,47,4. 원가 미노출 확인,FO,"마이페이지
 > 주문 조회",원가 입력된 상품,,상품 정보 확인,원가 미노출,PASS,PASS,,
,48,4. 원가 미노출 확인,FO,상품 기획전,원가 입력 후 기능 OFF된 상품,,상품 정보 확인,원가 미노출,PASS,PASS,,
,49,4. 원가 미노출 확인,FO,상품 목록,원가 입력 후 기능 OFF된 상품,,상품 정보 확인,원가 미노출,PASS,PASS,,
,50,4. 원가 미노출 확인,FO,상품 상세,원가 입력 후 기능 OFF된 상품,,"상품 정보 확인
- 디자인A/B",원가 미노출,PASS,PASS,,
,51,4. 원가 미노출 확인,FO,장바구니,원가 입력 후 기능 OFF된 상품,,상품 정보 확인,원가 미노출,PASS,PASS,,
,52,4. 원가 미노출 확인,FO,주문서,원가 입력 후 기능 OFF된 상품,,상품 정보 확인,원가 미노출,PASS,PASS,,
,53,4. 원가 미노출 확인,FO,"마이페이지
 > 주문 조회",원가 입력 후 기능 OFF된 상품,,상품 정보 확인,원가 미노출,PASS,PASS,,
,54,4. 원가 미노출 확인,BO,쇼핑 > 주문관리v2,주문 목록,,주문 정보 확인,원가 미노출,PASS,PASS,,
,55,4. 원가 미노출 확인,BO,쇼핑 > 주문관리v2,주문 상세,,주문 정보 확인,원가 미노출,PASS,PASS,,
,56,4. 원가 미노출 확인,BO,쇼핑 > 주문관리v2,결제 상세,,결제 정보 확인,원가 미노출,PASS,PASS,,
,57,5. Global 사이트,쇼핑 > 환경설정,원가 사용 옵션,-,,unit별 옵션 ON/OFF 설정,동기화 되지 않고 unit별 저장,PASS,PASS,,
,58,5. Global 사이트,쇼핑> 상품,상품 상세,-,,Global 사이트에서 unit별 ON/OFF가 다를 때 확인,"- ON한 unit으로 접근 시 전체 unit 원가 필드 노출
- OFF한 unit으로 접근 시 전체 unit 원가 필드 미노출",PASS,PASS,,
,59,5. Global 사이트,쇼핑> 상품,상품 상세,-,,OFF인 unit에서 상품 정보 수정,"해당 상품의 ON인 unit 원가 정보 0으로 초기화
기입력된 값 유지",PASS,PASS,IMIO-4360,
,60,5. Global 사이트,환경설정,언어/지역/통화,통화 단위,,통화 변경 후 저장,"입력한 원가가 환율 계산되어 반영
- 상품 원가
- 옵션 원가",PASS,PASS,,
,61,5. Global 사이트,unit 추가,-,-,,원가 입력된 상품 있을 때 새 unit 추가,"해당 상품의 새 unit 원가는
기준 유닛의 원가를 기준으로 환율 계산되어 자동 입력됨",PASS,PASS,IMIO-4361,(검토) 기대결과 맞는지=> 맞음
,62,6. 기타,구주문 사이트,쇼핑,환경 설정,,원가 사용 옵션 확인,미제공,PASS,PASS,IMIO-4349,
,63,6. 기타,파트너 사이트,쇼핑,환경 설정,,원가 사용 옵션 확인,제공,PASS,PASS,,
,64,6. 기타,전문가 관리 사이트,쇼핑,환경 설정,,원가 사용 옵션 확인,제공,PASS,PASS,,
,65,6. 기타,전문가 소유 사이트,쇼핑,환경 설정,,원가 사용 옵션 확인,제공,PASS,PASS,,
,66,6. 기타,모바일 해상도,-,-,,UI/기능 확인,정상 동작,PASS,N/T,,(희지) 수정님 결과로 갈음
,67,6. 기타,공급사 ON/OFF,-,-,,"ON/OFF 사이트 별 UI/기능 확인
- 본사
- 공급사",정상 동작,PASS,PASS,,
